-- phpMyAdmin SQL Dump
-- version 5.2.1
-- https://www.phpmyadmin.net/
--
-- Host: localhost
-- Generation Time: Nov 15, 2025 at 04:20 PM
-- Server version: 10.4.28-MariaDB
-- PHP Version: 8.0.28

SET SQL_MODE = "NO_AUTO_VALUE_ON_ZERO";
START TRANSACTION;
SET time_zone = "+00:00";


/*!40101 SET @OLD_CHARACTER_SET_CLIENT=@@CHARACTER_SET_CLIENT */;
/*!40101 SET @OLD_CHARACTER_SET_RESULTS=@@CHARACTER_SET_RESULTS */;
/*!40101 SET @OLD_COLLATION_CONNECTION=@@COLLATION_CONNECTION */;
/*!40101 SET NAMES utf8mb4 */;

--
-- Database: `edufinder`
--

CREATE DATABASE IF NOT EXISTS edufinder;
USE edufinder;

-- --------------------------------------------------------

--
-- Table structure for table `comments`
--

CREATE TABLE `comments` (
  `id` bigint(20) NOT NULL,
  `content` varchar(255) DEFAULT NULL,
  `created_at` datetime(6) DEFAULT NULL,
  `school_id` bigint(20) DEFAULT NULL,
  `user_id` bigint(20) DEFAULT NULL
) ENGINE=InnoDB DEFAULT CHARSET=utf8mb4 COLLATE=utf8mb4_general_ci;

--
-- Dumping data for table `comments`
--

INSERT INTO `comments` (`id`, `content`, `created_at`, `school_id`, `user_id`) VALUES
(1, 'test', '2025-11-03 00:30:35.000000', 1, 1),
(2, 'test', '2025-11-04 01:54:12.000000', 1, 1),
(3, 'test2', '2025-11-04 01:56:27.000000', 1, 1),
(4, 'test', '2025-11-04 01:57:34.000000', 1, 1),
(5, 'test toast', '2025-11-04 02:06:49.000000', 1, 1),
(6, 'test3', '2025-11-09 23:01:58.000000', 1, 4),
(7, 'i love this school', '2025-11-10 01:04:45.000000', 1, 4),
(8, 'best school', '2025-11-11 16:26:17.000000', 10, 9),
(9, 'this school is very good', '2025-11-11 16:39:09.000000', 10, 10),
(10, 'how is this school?', '2025-11-11 16:49:18.000000', 10, 11),
(11, 'this school is really nice and clean', '2025-11-11 21:24:07.000000', 10, 12),
(12, 'what do you think about this school', '2025-11-12 12:32:30.000000', 10, 13),
(13, 'hello!', '2025-11-12 14:24:18.000000', 10, 14),
(14, 'this school questionable', '2025-11-12 21:10:26.000000', 10, 15),
(17, 'test', '2025-11-14 12:20:23.000000', 10, 10),
(19, 'how is this school?', '2025-11-15 11:23:13.000000', 10, 16),
(21, 'is this school good?', '2025-11-15 11:34:03.000000', 10, 17);

-- --------------------------------------------------------

--
-- Table structure for table `replies`
--

CREATE TABLE `replies` (
  `id` bigint(20) NOT NULL,
  `content` varchar(255) DEFAULT NULL,
  `created_at` datetime(6) DEFAULT NULL,
  `comment_id` bigint(20) DEFAULT NULL,
  `user_id` bigint(20) DEFAULT NULL
) ENGINE=InnoDB DEFAULT CHARSET=utf8mb4 COLLATE=utf8mb4_general_ci;

--
-- Dumping data for table `replies`
--

INSERT INTO `replies` (`id`, `content`, `created_at`, `comment_id`, `user_id`) VALUES
(1, 'hello!', '2025-11-03 16:32:00.000000', 1, 1),
(2, 'test3', '2025-11-09 23:02:37.000000', 1, 4),
(3, 'agree', '2025-11-11 16:26:39.000000', 8, 9),
(4, 'i agree!', '2025-11-11 16:39:22.000000', 9, 10),
(5, 'i think this school is very good and amazing!', '2025-11-11 16:49:40.000000', 10, 11),
(6, 'i agree!', '2025-11-11 21:24:20.000000', 11, 12),
(7, 'this school is very good', '2025-11-12 12:32:46.000000', 12, 13),
(8, 'i agree!', '2025-11-12 14:24:30.000000', 13, 14),
(9, 'i agree!', '2025-11-12 21:10:31.000000', 14, 15),
(10, 'this school is great', '2025-11-15 11:23:27.000000', 19, 16),
(11, 'it is!', '2025-11-15 11:34:14.000000', 21, 17);

-- --------------------------------------------------------

--
-- Table structure for table `schools`
--

CREATE TABLE `schools` (
  `id` bigint(20) NOT NULL,
  `max_cut_off_point` int(11) DEFAULT NULL,
  `min_cut_off_point` int(11) DEFAULT NULL,
  `name` varchar(255) DEFAULT NULL
) ENGINE=InnoDB DEFAULT CHARSET=utf8mb4 COLLATE=utf8mb4_general_ci;

--
-- Dumping data for table `schools`
--

INSERT INTO `schools` (`id`, `max_cut_off_point`, `min_cut_off_point`, `name`) VALUES
(1, NULL, NULL, 'ADMIRALTY PRIMARY SCHOOL'),
(2, 32, 19, 'ADMIRALTY SECONDARY SCHOOL'),
(3, NULL, NULL, 'AHMAD IBRAHIM PRIMARY SCHOOL'),
(4, 29, 29, 'AHMAD IBRAHIM SECONDARY SCHOOL'),
(5, NULL, NULL, 'AI TONG SCHOOL'),
(6, NULL, NULL, 'ALEXANDRA PRIMARY SCHOOL'),
(7, NULL, NULL, 'ANCHOR GREEN PRIMARY SCHOOL'),
(8, NULL, NULL, 'ANDERSON PRIMARY SCHOOL'),
(9, 28, 8, 'ANDERSON SECONDARY SCHOOL'),
(10, 17, 15, 'ANDERSON SERANGOON JUNIOR COLLEGE'),
(11, NULL, NULL, 'ANG MO KIO PRIMARY SCHOOL'),
(12, 31, 30, 'ANG MO KIO SECONDARY SCHOOL'),
(13, 32, 20, 'ANGLICAN HIGH SCHOOL'),
(14, 28, 24, 'ANGLO-CHINESE JUNIOR COLLEGE'),
(15, 31, 29, 'ANGLO-CHINESE SCHOOL (BARKER ROAD)'),
(16, 28, 28, 'ANGLO-CHINESE SCHOOL (INDEPENDENT)'),
(17, NULL, NULL, 'ANGLO-CHINESE SCHOOL (JUNIOR)'),
(18, NULL, NULL, 'ANGLO-CHINESE SCHOOL (PRIMARY)'),
(19, NULL, NULL, 'ANGSANA PRIMARY SCHOOL'),
(20, 23, 23, 'ASSUMPTION ENGLISH SCHOOL'),
(21, 32, 32, 'ASSUMPTION PATHWAY SCHOOL'),
(22, 22, 9, 'BARTLEY SECONDARY SCHOOL'),
(23, NULL, NULL, 'BEACON PRIMARY SCHOOL'),
(24, 17, 12, 'BEATTY SECONDARY SCHOOL'),
(25, NULL, NULL, 'BEDOK GREEN PRIMARY SCHOOL'),
(26, 32, 31, 'BEDOK GREEN SECONDARY SCHOOL'),
(27, 31, 28, 'BEDOK SOUTH SECONDARY SCHOOL'),
(28, 30, 28, 'BEDOK VIEW SECONDARY SCHOOL'),
(29, NULL, NULL, 'BENDEMEER PRIMARY SCHOOL'),
(30, 25, 13, 'BENDEMEER SECONDARY SCHOOL'),
(31, NULL, NULL, 'BLANGAH RISE PRIMARY SCHOOL'),
(32, NULL, NULL, 'BOON LAY GARDEN PRIMARY SCHOOL'),
(33, 24, 11, 'BOON LAY SECONDARY SCHOOL'),
(34, 14, 8, 'BOWEN SECONDARY SCHOOL'),
(35, 26, 19, 'BROADRICK SECONDARY SCHOOL'),
(36, 32, 31, 'BUKIT BATOK SECONDARY SCHOOL'),
(37, 29, 28, 'BUKIT MERAH SECONDARY SCHOOL'),
(38, 27, 10, 'BUKIT PANJANG GOVT. HIGH SCHOOL'),
(39, NULL, NULL, 'BUKIT PANJANG PRIMARY SCHOOL'),
(40, NULL, NULL, 'BUKIT TIMAH PRIMARY SCHOOL'),
(41, NULL, NULL, 'BUKIT VIEW PRIMARY SCHOOL'),
(42, 9, 8, 'BUKIT VIEW SECONDARY SCHOOL'),
(43, NULL, NULL, 'CANBERRA PRIMARY SCHOOL'),
(44, 29, 24, 'CANBERRA SECONDARY SCHOOL'),
(45, NULL, NULL, 'CANOSSA CATHOLIC PRIMARY SCHOOL'),
(46, NULL, NULL, 'CANTONMENT PRIMARY SCHOOL'),
(47, NULL, NULL, 'CASUARINA PRIMARY SCHOOL'),
(48, 15, 13, 'CATHOLIC HIGH SCHOOL'),
(49, 23, 20, 'CATHOLIC JUNIOR COLLEGE'),
(50, 30, 14, 'CEDAR GIRLS\' SECONDARY SCHOOL'),
(51, NULL, NULL, 'CEDAR PRIMARY SCHOOL'),
(52, 16, 11, 'CHANGKAT CHANGI SECONDARY SCHOOL'),
(53, NULL, NULL, 'CHANGKAT PRIMARY SCHOOL'),
(54, NULL, NULL, 'CHIJ (KATONG) PRIMARY'),
(55, NULL, NULL, 'CHIJ (KELLOCK)'),
(56, 22, 17, 'CHIJ KATONG CONVENT'),
(57, NULL, NULL, 'CHIJ OUR LADY OF GOOD COUNSEL'),
(58, NULL, NULL, 'CHIJ OUR LADY OF THE NATIVITY'),
(59, NULL, NULL, 'CHIJ OUR LADY QUEEN OF PEACE'),
(60, NULL, NULL, 'CHIJ PRIMARY (TOA PAYOH)'),
(61, 21, 20, 'CHIJ SECONDARY (TOA PAYOH)'),
(62, 19, 9, 'CHIJ ST. JOSEPH\'S CONVENT'),
(63, 23, 21, 'CHIJ ST. NICHOLAS GIRLS\' SCHOOL'),
(64, 29, 19, 'CHIJ ST. THERESA\'S CONVENT'),
(65, NULL, NULL, 'CHONGFU SCHOOL'),
(66, NULL, NULL, 'CHONGZHENG PRIMARY SCHOOL'),
(67, 16, 13, 'CHRIST CHURCH SECONDARY SCHOOL'),
(68, NULL, NULL, 'CHUA CHU KANG PRIMARY SCHOOL'),
(69, 30, 25, 'CHUA CHU KANG SECONDARY SCHOOL'),
(70, 18, 9, 'CHUNG CHENG HIGH SCHOOL (MAIN)'),
(71, 20, 20, 'CHUNG CHENG HIGH SCHOOL (YISHUN)'),
(72, NULL, NULL, 'CLEMENTI PRIMARY SCHOOL'),
(73, 16, 7, 'CLEMENTI TOWN SECONDARY SCHOOL'),
(74, 32, 29, 'COMMONWEALTH SECONDARY SCHOOL'),
(75, NULL, NULL, 'COMPASSVALE PRIMARY SCHOOL'),
(76, 22, 16, 'COMPASSVALE SECONDARY SCHOOL'),
(77, NULL, NULL, 'CONCORD PRIMARY SCHOOL'),
(78, NULL, NULL, 'CORPORATION PRIMARY SCHOOL'),
(79, 32, 31, 'CRESCENT GIRLS\' SCHOOL'),
(80, 9, 7, 'CREST SECONDARY SCHOOL'),
(81, NULL, NULL, 'DAMAI PRIMARY SCHOOL'),
(82, 28, 23, 'DAMAI SECONDARY SCHOOL'),
(83, NULL, NULL, 'DAZHONG PRIMARY SCHOOL'),
(84, NULL, NULL, 'DE LA SALLE SCHOOL'),
(85, 29, 26, 'DEYI SECONDARY SCHOOL'),
(86, 30, 30, 'DUNEARN SECONDARY SCHOOL'),
(87, 30, 20, 'DUNMAN HIGH SCHOOL'),
(88, 21, 14, 'DUNMAN SECONDARY SCHOOL'),
(89, NULL, NULL, 'EAST SPRING PRIMARY SCHOOL'),
(90, 26, 17, 'EAST SPRING SECONDARY SCHOOL'),
(91, NULL, NULL, 'EDGEFIELD PRIMARY SCHOOL'),
(92, 32, 30, 'EDGEFIELD SECONDARY SCHOOL'),
(93, NULL, NULL, 'ELIAS PARK PRIMARY SCHOOL'),
(94, NULL, NULL, 'ENDEAVOUR PRIMARY SCHOOL'),
(95, 32, 32, 'EUNOIA JUNIOR COLLEGE'),
(96, NULL, NULL, 'EVERGREEN PRIMARY SCHOOL'),
(97, 28, 24, 'EVERGREEN SECONDARY SCHOOL'),
(98, NULL, NULL, 'FAIRFIELD METHODIST SCHOOL (PRIMARY)'),
(99, 25, 24, 'FAIRFIELD METHODIST SCHOOL (SECONDARY)'),
(100, NULL, NULL, 'FARRER PARK PRIMARY SCHOOL'),
(101, NULL, NULL, 'FENGSHAN PRIMARY SCHOOL'),
(102, NULL, NULL, 'FERN GREEN PRIMARY SCHOOL'),
(103, NULL, NULL, 'FERNVALE PRIMARY SCHOOL'),
(104, NULL, NULL, 'FIRST TOA PAYOH PRIMARY SCHOOL'),
(105, NULL, NULL, 'FRONTIER PRIMARY SCHOOL'),
(106, NULL, NULL, 'FUCHUN PRIMARY SCHOOL'),
(107, NULL, NULL, 'FUHUA PRIMARY SCHOOL'),
(108, 29, 27, 'FUHUA SECONDARY SCHOOL'),
(109, NULL, NULL, 'GAN ENG SENG PRIMARY SCHOOL'),
(110, 31, 4, 'GAN ENG SENG SCHOOL'),
(111, NULL, NULL, 'GEYLANG METHODIST SCHOOL (PRIMARY)'),
(112, 11, 5, 'GEYLANG METHODIST SCHOOL (SECONDARY)'),
(113, NULL, NULL, 'GONGSHANG PRIMARY SCHOOL'),
(114, NULL, NULL, 'GREENDALE PRIMARY SCHOOL'),
(115, 30, 25, 'GREENDALE SECONDARY SCHOOL'),
(116, NULL, NULL, 'GREENRIDGE PRIMARY SCHOOL'),
(117, 16, 7, 'GREENRIDGE SECONDARY SCHOOL'),
(118, NULL, NULL, 'GREENWOOD PRIMARY SCHOOL'),
(119, 31, 30, 'GUANGYANG SECONDARY SCHOOL'),
(120, 27, 6, 'HAI SING CATHOLIC SCHOOL'),
(121, NULL, NULL, 'HAIG GIRLS\' SCHOOL'),
(122, NULL, NULL, 'HENRY PARK PRIMARY SCHOOL'),
(123, 19, 4, 'HILLGROVE SECONDARY SCHOOL'),
(124, 14, 6, 'HOLY INNOCENTS\' HIGH SCHOOL'),
(125, NULL, NULL, 'HOLY INNOCENTS\' PRIMARY SCHOOL'),
(126, NULL, NULL, 'HONG WEN SCHOOL'),
(127, NULL, NULL, 'HORIZON PRIMARY SCHOOL'),
(128, NULL, NULL, 'HOUGANG PRIMARY SCHOOL'),
(129, 21, 9, 'HOUGANG SECONDARY SCHOOL'),
(130, 32, 31, 'HUA YI SECONDARY SCHOOL'),
(131, NULL, NULL, 'HUAMIN PRIMARY SCHOOL'),
(132, 5, 4, 'HWA CHONG INSTITUTION'),
(133, NULL, NULL, 'INNOVA PRIMARY SCHOOL'),
(134, NULL, NULL, 'JIEMIN PRIMARY SCHOOL'),
(135, NULL, NULL, 'JING SHAN PRIMARY SCHOOL'),
(136, NULL, NULL, 'JUNYUAN PRIMARY SCHOOL'),
(137, 30, 27, 'JUNYUAN SECONDARY SCHOOL'),
(138, 30, 25, 'JURONG PIONEER JUNIOR COLLEGE'),
(139, NULL, NULL, 'JURONG PRIMARY SCHOOL'),
(140, 11, 6, 'JURONG SECONDARY SCHOOL'),
(141, NULL, NULL, 'JURONG WEST PRIMARY SCHOOL'),
(142, 32, 14, 'JURONG WEST SECONDARY SCHOOL'),
(143, 31, 9, 'JURONGVILLE SECONDARY SCHOOL'),
(144, 29, 26, 'JUYING SECONDARY SCHOOL'),
(145, NULL, NULL, 'KEMING PRIMARY SCHOOL'),
(146, 31, 12, 'KENT RIDGE SECONDARY SCHOOL'),
(147, NULL, NULL, 'KHENG CHENG SCHOOL'),
(148, NULL, NULL, 'KONG HWA SCHOOL'),
(149, NULL, NULL, 'KRANJI PRIMARY SCHOOL'),
(150, 28, 28, 'KRANJI SECONDARY SCHOOL'),
(151, NULL, NULL, 'KUO CHUAN PRESBYTERIAN PRIMARY SCHOOL'),
(152, 28, 22, 'KUO CHUAN PRESBYTERIAN SECONDARY SCHOOL'),
(153, NULL, NULL, 'LAKESIDE PRIMARY SCHOOL'),
(154, NULL, NULL, 'LIANHUA PRIMARY SCHOOL'),
(155, 30, 25, 'LOYANG VIEW SECONDARY SCHOOL'),
(156, NULL, NULL, 'MAHA BODHI SCHOOL'),
(157, 30, 25, 'MANJUSRI SECONDARY SCHOOL'),
(158, 31, 30, 'MARIS STELLA HIGH SCHOOL'),
(159, NULL, NULL, 'MARSILING PRIMARY SCHOOL'),
(160, 31, 28, 'MARSILING SECONDARY SCHOOL'),
(161, NULL, NULL, 'MARYMOUNT CONVENT SCHOOL'),
(162, NULL, NULL, 'MAYFLOWER PRIMARY SCHOOL'),
(163, 15, 4, 'MAYFLOWER SECONDARY SCHOOL'),
(164, NULL, NULL, 'MEE TOH SCHOOL'),
(165, NULL, NULL, 'MERIDIAN PRIMARY SCHOOL'),
(166, 24, 15, 'MERIDIAN SECONDARY SCHOOL'),
(167, NULL, NULL, 'METHODIST GIRLS\' SCHOOL (PRIMARY)'),
(168, 31, 30, 'METHODIST GIRLS\' SCHOOL (SECONDARY)'),
(169, 29, 9, 'MILLENNIA INSTITUTE'),
(170, NULL, NULL, 'MONTFORT JUNIOR SCHOOL'),
(171, 21, 20, 'MONTFORT SECONDARY SCHOOL'),
(172, 21, 11, 'NAN CHIAU HIGH SCHOOL'),
(173, NULL, NULL, 'NAN CHIAU PRIMARY SCHOOL'),
(174, 30, 29, 'NAN HUA HIGH SCHOOL'),
(175, NULL, NULL, 'NAN HUA PRIMARY SCHOOL'),
(176, 25, 22, 'NANYANG GIRLS\' HIGH SCHOOL'),
(177, 27, 27, 'NANYANG JUNIOR COLLEGE'),
(178, NULL, NULL, 'NANYANG PRIMARY SCHOOL'),
(179, 30, 30, 'NATIONAL JUNIOR COLLEGE'),
(180, NULL, NULL, 'NAVAL BASE PRIMARY SCHOOL'),
(181, 25, 20, 'NAVAL BASE SECONDARY SCHOOL'),
(182, NULL, NULL, 'NEW TOWN PRIMARY SCHOOL'),
(183, 24, 19, 'NEW TOWN SECONDARY SCHOOL'),
(184, NULL, NULL, 'NGEE ANN PRIMARY SCHOOL'),
(185, 25, 24, 'NGEE ANN SECONDARY SCHOOL'),
(186, NULL, NULL, 'NORTH SPRING PRIMARY SCHOOL'),
(187, NULL, NULL, 'NORTH VIEW PRIMARY SCHOOL'),
(188, NULL, NULL, 'NORTH VISTA PRIMARY SCHOOL'),
(189, 30, 30, 'NORTH VISTA SECONDARY SCHOOL'),
(190, 32, 31, 'NORTHBROOKS SECONDARY SCHOOL'),
(191, NULL, NULL, 'NORTHLAND PRIMARY SCHOOL'),
(192, 32, 14, 'NORTHLAND SECONDARY SCHOOL'),
(193, 24, 24, 'NORTHLIGHT SCHOOL'),
(194, NULL, NULL, 'NORTHOAKS PRIMARY SCHOOL'),
(195, NULL, NULL, 'NORTHSHORE PRIMARY SCHOOL'),
(196, 19, 16, 'NUS HIGH SCHOOL OF MATHEMATICS AND SCIENCE'),
(197, NULL, NULL, 'OASIS PRIMARY SCHOOL'),
(198, NULL, NULL, 'OPERA ESTATE PRIMARY SCHOOL'),
(199, 25, 20, 'ORCHID PARK SECONDARY SCHOOL'),
(200, 27, 27, 'OUTRAM SECONDARY SCHOOL'),
(201, NULL, NULL, 'PALM VIEW PRIMARY SCHOOL'),
(202, NULL, NULL, 'PARK VIEW PRIMARY SCHOOL'),
(203, 20, 4, 'PASIR RIS CREST SECONDARY SCHOOL'),
(204, NULL, NULL, 'PASIR RIS PRIMARY SCHOOL'),
(205, 30, 10, 'PASIR RIS SECONDARY SCHOOL'),
(206, NULL, NULL, 'PAYA LEBAR METHODIST GIRLS\' SCHOOL (PRIMARY)'),
(207, 30, 9, 'PAYA LEBAR METHODIST GIRLS\' SCHOOL (SECONDARY)'),
(208, NULL, NULL, 'PEI CHUN PUBLIC SCHOOL'),
(209, NULL, NULL, 'PEI HWA PRESBYTERIAN PRIMARY SCHOOL'),
(210, 31, 20, 'PEI HWA SECONDARY SCHOOL'),
(211, NULL, NULL, 'PEI TONG PRIMARY SCHOOL'),
(212, 9, 7, 'PEICAI SECONDARY SCHOOL'),
(213, 31, 15, 'PEIRCE SECONDARY SCHOOL'),
(214, NULL, NULL, 'PEIYING PRIMARY SCHOOL'),
(215, NULL, NULL, 'PIONEER PRIMARY SCHOOL'),
(216, NULL, NULL, 'POI CHING SCHOOL'),
(217, 7, 4, 'PRESBYTERIAN HIGH SCHOOL'),
(218, NULL, NULL, 'PRINCESS ELIZABETH PRIMARY SCHOOL'),
(219, NULL, NULL, 'PUNGGOL COVE PRIMARY SCHOOL'),
(220, NULL, NULL, 'PUNGGOL GREEN PRIMARY SCHOOL'),
(221, NULL, NULL, 'PUNGGOL PRIMARY SCHOOL'),
(222, 30, 13, 'PUNGGOL SECONDARY SCHOOL'),
(223, NULL, NULL, 'PUNGGOL VIEW PRIMARY SCHOOL'),
(224, NULL, NULL, 'QIFA PRIMARY SCHOOL'),
(225, NULL, NULL, 'QIHUA PRIMARY SCHOOL'),
(226, NULL, NULL, 'QUEENSTOWN PRIMARY SCHOOL'),
(227, 17, 12, 'QUEENSTOWN SECONDARY SCHOOL'),
(228, 30, 29, 'QUEENSWAY SECONDARY SCHOOL'),
(229, NULL, NULL, 'RADIN MAS PRIMARY SCHOOL'),
(230, NULL, NULL, 'RAFFLES GIRLS\' PRIMARY SCHOOL'),
(231, 27, 24, 'RAFFLES GIRLS\' SCHOOL (SECONDARY)'),
(232, 5, 3, 'RAFFLES INSTITUTION'),
(233, NULL, NULL, 'RED SWASTIKA SCHOOL'),
(234, 22, 9, 'REGENT SECONDARY SCHOOL'),
(235, 31, 31, 'RIVER VALLEY HIGH SCHOOL'),
(236, NULL, NULL, 'RIVER VALLEY PRIMARY SCHOOL'),
(237, NULL, NULL, 'RIVERSIDE PRIMARY SCHOOL'),
(238, 23, 22, 'RIVERSIDE SECONDARY SCHOOL'),
(239, NULL, NULL, 'RIVERVALE PRIMARY SCHOOL'),
(240, NULL, NULL, 'ROSYTH SCHOOL'),
(241, NULL, NULL, 'RULANG PRIMARY SCHOOL'),
(242, 28, 15, 'SCHOOL OF SCIENCE AND TECHNOLOGY, SINGAPORE'),
(243, 16, 12, 'SCHOOL OF THE ARTS, SINGAPORE'),
(244, NULL, NULL, 'SEMBAWANG PRIMARY SCHOOL'),
(245, 30, 11, 'SEMBAWANG SECONDARY SCHOOL'),
(246, NULL, NULL, 'SENG KANG PRIMARY SCHOOL'),
(247, 8, 7, 'SENG KANG SECONDARY SCHOOL'),
(248, NULL, NULL, 'SENGKANG GREEN PRIMARY SCHOOL'),
(249, 19, 19, 'SERANGOON GARDEN SECONDARY SCHOOL'),
(250, 12, 5, 'SERANGOON SECONDARY SCHOOL'),
(251, NULL, NULL, 'SHUQUN PRIMARY SCHOOL'),
(252, NULL, NULL, 'SI LING PRIMARY SCHOOL'),
(253, NULL, NULL, 'SINGAPORE CHINESE GIRLS\' PRIMARY SCHOOL'),
(254, 19, 12, 'SINGAPORE CHINESE GIRLS\' SCHOOL'),
(255, 30, 25, 'SINGAPORE SPORTS SCHOOL'),
(256, NULL, NULL, 'SOUTH VIEW PRIMARY SCHOOL'),
(257, 32, 23, 'SPECTRA SECONDARY SCHOOL'),
(258, NULL, NULL, 'SPRINGDALE PRIMARY SCHOOL'),
(259, 18, 5, 'SPRINGFIELD SECONDARY SCHOOL'),
(260, NULL, NULL, 'ST ANDREW\'S SCHOOL (JUNIOR)'),
(261, 30, 30, 'ST ANDREW\'S SCHOOL (SECONDARY)'),
(262, 25, 17, 'ST. ANDREW\'S JUNIOR COLLEGE'),
(263, NULL, NULL, 'ST. ANTHONY\'S CANOSSIAN PRIMARY SCHOOL'),
(264, 13, 8, 'ST. ANTHONY\'S CANOSSIAN SECONDARY SCHOOL'),
(265, NULL, NULL, 'ST. ANTHONY\'S PRIMARY SCHOOL'),
(266, NULL, NULL, 'ST. GABRIEL\'S PRIMARY SCHOOL'),
(267, 17, 13, 'ST. GABRIEL\'S SECONDARY SCHOOL'),
(268, NULL, NULL, 'ST. HILDA\'S PRIMARY SCHOOL'),
(269, 22, 18, 'ST. HILDA\'S SECONDARY SCHOOL'),
(270, 14, 8, 'ST. JOSEPH\'S INSTITUTION'),
(271, NULL, NULL, 'ST. JOSEPH\'S INSTITUTION JUNIOR'),
(272, NULL, NULL, 'ST. MARGARET\'S SCHOOL (PRIMARY)'),
(273, 31, 7, 'ST. MARGARET\'S SCHOOL (SECONDARY)'),
(274, 31, 19, 'ST. PATRICK\'S SCHOOL'),
(275, NULL, NULL, 'ST. STEPHEN\'S SCHOOL'),
(276, 25, 6, 'SWISS COTTAGE SECONDARY SCHOOL'),
(277, 32, 29, 'TAMPINES MERIDIAN JUNIOR COLLEGE'),
(278, NULL, NULL, 'TAMPINES NORTH PRIMARY SCHOOL'),
(279, NULL, NULL, 'TAMPINES PRIMARY SCHOOL'),
(280, 31, 11, 'TAMPINES SECONDARY SCHOOL'),
(281, 15, 7, 'TANJONG KATONG GIRLS\' SCHOOL'),
(282, NULL, NULL, 'TANJONG KATONG PRIMARY SCHOOL'),
(283, 24, 15, 'TANJONG KATONG SECONDARY SCHOOL'),
(284, NULL, NULL, 'TAO NAN SCHOOL'),
(285, NULL, NULL, 'TECK GHEE PRIMARY SCHOOL'),
(286, NULL, NULL, 'TECK WHYE PRIMARY SCHOOL'),
(287, NULL, NULL, 'TELOK KURAU PRIMARY SCHOOL'),
(288, 8, 7, 'TEMASEK JUNIOR COLLEGE'),
(289, NULL, NULL, 'TEMASEK PRIMARY SCHOOL'),
(290, 24, 22, 'TEMASEK SECONDARY SCHOOL'),
(291, NULL, NULL, 'TOWNSVILLE PRIMARY SCHOOL'),
(292, NULL, NULL, 'UNITY PRIMARY SCHOOL'),
(293, 31, 24, 'UNITY SECONDARY SCHOOL'),
(294, NULL, NULL, 'VALOUR PRIMARY SCHOOL'),
(295, 25, 9, 'VICTORIA JUNIOR COLLEGE'),
(296, 21, 19, 'VICTORIA SCHOOL'),
(297, NULL, NULL, 'WATERWAY PRIMARY SCHOOL'),
(298, NULL, NULL, 'WELLINGTON PRIMARY SCHOOL'),
(299, NULL, NULL, 'WEST GROVE PRIMARY SCHOOL'),
(300, NULL, NULL, 'WEST SPRING PRIMARY SCHOOL'),
(301, 32, 32, 'WEST SPRING SECONDARY SCHOOL'),
(302, NULL, NULL, 'WEST VIEW PRIMARY SCHOOL'),
(303, NULL, NULL, 'WESTWOOD PRIMARY SCHOOL'),
(304, 11, 6, 'WESTWOOD SECONDARY SCHOOL'),
(305, NULL, NULL, 'WHITE SANDS PRIMARY SCHOOL'),
(306, 28, 24, 'WHITLEY SECONDARY SCHOOL'),
(307, NULL, NULL, 'WOODGROVE PRIMARY SCHOOL'),
(308, 24, 22, 'WOODGROVE SECONDARY SCHOOL'),
(309, NULL, NULL, 'WOODLANDS PRIMARY SCHOOL'),
(310, NULL, NULL, 'WOODLANDS RING PRIMARY SCHOOL'),
(311, 32, 32, 'WOODLANDS RING SECONDARY SCHOOL'),
(312, 30, 26, 'WOODLANDS SECONDARY SCHOOL'),
(313, NULL, NULL, 'XINGHUA PRIMARY SCHOOL'),
(314, NULL, NULL, 'XINGNAN PRIMARY SCHOOL'),
(315, NULL, NULL, 'XINMIN PRIMARY SCHOOL'),
(316, 28, 7, 'XINMIN SECONDARY SCHOOL'),
(317, NULL, NULL, 'XISHAN PRIMARY SCHOOL'),
(318, NULL, NULL, 'YANGZHENG PRIMARY SCHOOL'),
(319, NULL, NULL, 'YEW TEE PRIMARY SCHOOL'),
(320, NULL, NULL, 'YIO CHU KANG PRIMARY SCHOOL'),
(321, 18, 13, 'YIO CHU KANG SECONDARY SCHOOL'),
(322, 32, 32, 'YISHUN INNOVA JUNIOR COLLEGE'),
(323, NULL, NULL, 'YISHUN PRIMARY SCHOOL'),
(324, 31, 29, 'YISHUN SECONDARY SCHOOL'),
(325, 21, 15, 'YISHUN TOWN SECONDARY SCHOOL'),
(326, NULL, NULL, 'YU NENG PRIMARY SCHOOL'),
(327, 23, 4, 'YUAN CHING SECONDARY SCHOOL'),
(328, NULL, NULL, 'YUHUA PRIMARY SCHOOL'),
(329, 25, 13, 'YUHUA SECONDARY SCHOOL'),
(330, NULL, NULL, 'YUMIN PRIMARY SCHOOL'),
(331, 32, 24, 'YUSOF ISHAK SECONDARY SCHOOL'),
(332, 14, 9, 'YUYING SECONDARY SCHOOL'),
(333, NULL, NULL, 'ZHANGDE PRIMARY SCHOOL'),
(334, NULL, NULL, 'ZHENGHUA PRIMARY SCHOOL'),
(335, 32, 31, 'ZHENGHUA SECONDARY SCHOOL'),
(336, NULL, NULL, 'ZHONGHUA PRIMARY SCHOOL'),
(337, 21, 21, 'ZHONGHUA SECONDARY SCHOOL');

-- --------------------------------------------------------

--
-- Table structure for table `users`
--

CREATE TABLE `users` (
  `id` bigint(20) NOT NULL,
  `created_at` datetime(6) DEFAULT NULL,
  `password` varchar(255) DEFAULT NULL,
  `username` varchar(255) DEFAULT NULL,
  `postal_code` varchar(255) DEFAULT NULL,
  `role` tinyint(4) DEFAULT NULL
) ENGINE=InnoDB DEFAULT CHARSET=utf8mb4 COLLATE=utf8mb4_general_ci;

--
-- Dumping data for table `users`
--

INSERT INTO `users` (`id`, `created_at`, `password`, `username`, `postal_code`, `role`) VALUES
(1, '2025-10-29 13:59:18.000000', '$2a$10$ZRDZ2cK0OUCJ71zjgDiNsO25fwM9adIs3we4DXQ/zI2UJV0omdfvi', 'user', NULL, NULL),
(2, '2025-11-05 12:18:44.000000', '$2a$10$3J4jDq4ZEjKjlMw9f7Lrre3Nkw8FFmbFXa4ym5H8UsAHGhXLzi9yy', 'test', NULL, 0),
(3, '2025-11-09 22:51:18.000000', '$2a$10$yEM/1v5f4K.9JjFpQyoIKu/aOfVmDvZlZFoFFQUq8oAcu3cg7yAiO', 'usern', '754501', 0),
(4, '2025-11-09 23:01:47.000000', '$2a$10$8X4bTHD6kv9hoGv0AtEOlO.FxwZTvIc/Rm5mH.OpeINBqg5ufgsjq', 'username', '754501', 1),
(5, '2025-11-10 12:24:13.000000', '$2a$10$Dq0NgvUXJnZXg6GYU5hVJ.3WHW5p87hK.y4UpN7YiX1qYfzLAL81S', 'user2', '636960', 0),
(6, '2025-11-10 12:37:53.000000', '$2a$10$EgVw7r/whCR9f6yyENHN/.//JRBQwA./RxVuYD0sja/1V9ycNrOh6', 'hi', NULL, 0),
(7, '2025-11-10 22:25:13.000000', '$2a$10$IoPweoRjUtSWaxiKFI4nJu5bbYG3.TYmRfPJQquGn9zm.foyfq3Py', 'user20', '636960', 0),
(8, '2025-11-11 16:23:33.000000', '$2a$10$FRwg4s3kJaEgfh.5ZVvec.O68PZEM7FmU4Kp4IiCBi78FSyvSWWZO', 'username123', NULL, 0),
(9, '2025-11-11 16:24:36.000000', '$2a$10$wVJT1k9yGOpz3/swyvCY0OV9fd8Agd2TeOHY98eiQw5QScldxOoiK', 'user1234', '754501', 0),
(10, '2025-11-11 16:37:06.000000', '$2a$10$mVL3rak7oCwRJQYDWiShZuFLQctWGJQQ0/CJuRWpi182Vrt.5vXSu', 'user12345', '754501', 0),
(11, '2025-11-11 16:47:30.000000', '$2a$10$ovs3hw8xhHIH8pm4jXGHCeGJ4U6VrafnK8e2uDxVO9WxwliiKkh2.', 'user123456', '754501', 0),
(12, '2025-11-11 21:22:22.000000', '$2a$10$QUQKAz2wH73jUHOAZP51L.JtCK7sgb58CWnZLI1tLC2r1YlZ2l9J.', 'user1234567', '754501', 0),
(13, '2025-11-12 12:31:01.000000', '$2a$10$R/FRe1Zq8vPPGJpQXZ7KS.VjjjMIsqdxpOnpYE2sn9cny9RiDNzsO', 'user12346', '754501', 0),
(14, '2025-11-12 14:23:04.000000', '$2a$10$fDoi6J7uuVqGNdVn7oMTmOvVb2q1vp6LUxxBdrb7KVnZdRLfNlDuK', 'user2345', '754501', 0),
(15, '2025-11-12 21:09:45.000000', '$2a$10$m5PgNs8OGqeHc4/9.dJktOiw4gsGt0euKkNFs.NzaffDnpcNGzT2a', 'user234567', '754501', 0),
(16, '2025-11-15 11:21:48.000000', '$2a$10$6aqth9RedlQhssYfO41LNetxEpyOCwN94JO0U.sixyu9RZ9L88gD6', 'user345', '754501', 0),
(17, '2025-11-15 11:32:42.000000', '$2a$10$BJW98/kH9hJbEhJtwEicPukArkCmMGGpqEK33ENwUEhfXp/r7uGYS', 'user3456', '754501', 0);

-- --------------------------------------------------------

--
-- Table structure for table `user_saved_schools`
--

CREATE TABLE `user_saved_schools` (
  `school_id` bigint(20) NOT NULL,
  `user_id` bigint(20) NOT NULL
) ENGINE=InnoDB DEFAULT CHARSET=utf8mb4 COLLATE=utf8mb4_general_ci;

--
-- Dumping data for table `user_saved_schools`
--

INSERT INTO `user_saved_schools` (`school_id`, `user_id`) VALUES
(1, 4),
(1, 5),
(2, 7),
(4, 7),
(6, 15),
(7, 15),
(9, 7),
(10, 9),
(10, 10),
(10, 11),
(10, 12),
(10, 13),
(10, 14),
(10, 16),
(10, 17),
(132, 9),
(132, 10),
(132, 11),
(132, 12),
(132, 13),
(132, 14),
(132, 16),
(132, 17),
(232, 9),
(232, 10),
(232, 11),
(232, 12),
(288, 13),
(288, 14),
(288, 16),
(288, 17);

-- --------------------------------------------------------

--
-- Table structure for table `votes`
--

CREATE TABLE `votes` (
  `vote_type` enum('DOWNVOTE','NOVOTE','UPVOTE') DEFAULT NULL,
  `comment_id` bigint(20) NOT NULL,
  `user_id` bigint(20) NOT NULL
) ENGINE=InnoDB DEFAULT CHARSET=utf8mb4 COLLATE=utf8mb4_general_ci;

--
-- Dumping data for table `votes`
--

INSERT INTO `votes` (`vote_type`, `comment_id`, `user_id`) VALUES
('NOVOTE', 6, 7),
('UPVOTE', 7, 4),
('NOVOTE', 7, 5),
('UPVOTE', 7, 7),
('NOVOTE', 8, 9),
('NOVOTE', 9, 10),
('NOVOTE', 10, 11),
('NOVOTE', 11, 12),
('NOVOTE', 12, 13),
('DOWNVOTE', 13, 14),
('NOVOTE', 14, 15),
('NOVOTE', 17, 10),
('NOVOTE', 19, 16),
('NOVOTE', 21, 17);

--
-- Indexes for dumped tables
--

--
-- Indexes for table `comments`
--
ALTER TABLE `comments`
  ADD PRIMARY KEY (`id`),
  ADD KEY `FK6xt0cds9jt224uyqtobffbxx1` (`school_id`),
  ADD KEY `FK8omq0tc18jd43bu5tjh6jvraq` (`user_id`);

--
-- Indexes for table `replies`
--
ALTER TABLE `replies`
  ADD PRIMARY KEY (`id`),
  ADD KEY `FKn0xus92n25hvud6dlfni0ttqg` (`comment_id`),
  ADD KEY `FKn60t7po8l0rllye52xx25q4xx` (`user_id`);

--
-- Indexes for table `schools`
--
ALTER TABLE `schools`
  ADD PRIMARY KEY (`id`),
  ADD UNIQUE KEY `UKehwqlfa7xseucba45p6wlqfgn` (`name`);

--
-- Indexes for table `users`
--
ALTER TABLE `users`
  ADD PRIMARY KEY (`id`),
  ADD UNIQUE KEY `UKr43af9ap4edm43mmtq01oddj6` (`username`);

--
-- Indexes for table `user_saved_schools`
--
ALTER TABLE `user_saved_schools`
  ADD PRIMARY KEY (`school_id`,`user_id`),
  ADD KEY `FKn1c3d5y0riub30qfnscdlsed8` (`user_id`);

--
-- Indexes for table `votes`
--
ALTER TABLE `votes`
  ADD PRIMARY KEY (`comment_id`,`user_id`),
  ADD KEY `FKli4uj3ic2vypf5pialchj925e` (`user_id`);

--
-- AUTO_INCREMENT for dumped tables
--

--
-- AUTO_INCREMENT for table `comments`
--
ALTER TABLE `comments`
  MODIFY `id` bigint(20) NOT NULL AUTO_INCREMENT, AUTO_INCREMENT=23;

--
-- AUTO_INCREMENT for table `replies`
--
ALTER TABLE `replies`
  MODIFY `id` bigint(20) NOT NULL AUTO_INCREMENT, AUTO_INCREMENT=12;

--
-- AUTO_INCREMENT for table `schools`
--
ALTER TABLE `schools`
  MODIFY `id` bigint(20) NOT NULL AUTO_INCREMENT, AUTO_INCREMENT=338;

--
-- AUTO_INCREMENT for table `users`
--
ALTER TABLE `users`
  MODIFY `id` bigint(20) NOT NULL AUTO_INCREMENT, AUTO_INCREMENT=18;

--
-- Constraints for dumped tables
--

--
-- Constraints for table `comments`
--
ALTER TABLE `comments`
  ADD CONSTRAINT `FK6xt0cds9jt224uyqtobffbxx1` FOREIGN KEY (`school_id`) REFERENCES `schools` (`id`),
  ADD CONSTRAINT `FK8omq0tc18jd43bu5tjh6jvraq` FOREIGN KEY (`user_id`) REFERENCES `users` (`id`);

--
-- Constraints for table `replies`
--
ALTER TABLE `replies`
  ADD CONSTRAINT `FKn0xus92n25hvud6dlfni0ttqg` FOREIGN KEY (`comment_id`) REFERENCES `comments` (`id`),
  ADD CONSTRAINT `FKn60t7po8l0rllye52xx25q4xx` FOREIGN KEY (`user_id`) REFERENCES `users` (`id`);

--
-- Constraints for table `user_saved_schools`
--
ALTER TABLE `user_saved_schools`
  ADD CONSTRAINT `FKasehxik07on7a8ex0xql5ibuk` FOREIGN KEY (`school_id`) REFERENCES `schools` (`id`),
  ADD CONSTRAINT `FKn1c3d5y0riub30qfnscdlsed8` FOREIGN KEY (`user_id`) REFERENCES `users` (`id`);

--
-- Constraints for table `votes`
--
ALTER TABLE `votes`
  ADD CONSTRAINT `FKiavg4g6hf3lpw9lyf1uco7h7v` FOREIGN KEY (`comment_id`) REFERENCES `comments` (`id`),
  ADD CONSTRAINT `FKli4uj3ic2vypf5pialchj925e` FOREIGN KEY (`user_id`) REFERENCES `users` (`id`);
COMMIT;

/*!40101 SET CHARACTER_SET_CLIENT=@OLD_CHARACTER_SET_CLIENT */;
/*!40101 SET CHARACTER_SET_RESULTS=@OLD_CHARACTER_SET_RESULTS */;
/*!40101 SET COLLATION_CONNECTION=@OLD_COLLATION_CONNECTION */;
